time,pitch,filename,LWrist_x,LWrist_y,LWrist_z,RWrist_x,RWrist_y,RWrist_z,RWrist_vel_x,RWrist_vel_y,RWrist_vel_z,LWrist_vel_x,LWrist_vel_y,LWrist_vel_z,RWrist_vel_3d,LWrist_vel_3d,RWrist_accl_x,RWrist_accl_y,RWrist_accl_z,LWrist_accl_x,LWrist_accl_y,LWrist_accl_z,RWrist_accl_3d,LWrist_accl_3d,LElbow_x,LElbow_y,LElbow_z,RElbow_x,RElbow_y,RElbow_z,RElbow_vel_x,RElbow_vel_y,RElbow_vel_z,LElbow_vel_x,LElbow_vel_y,LElbow_vel_z,RElbow_vel_3d,LElbow_vel_3d,RElbow_accl_x,RElbow_accl_y,RElbow_accl_z,LElbow_accl_x,LElbow_accl_y,LElbow_accl_z,RElbow_accl_3d,LElbow_accl_3d
15.95,542.6666666666666,AK_Pakad_Bag.csv,-0.5921857613639493,-0.4373391709040953,0.4260516322055347,0.6916815885834179,-1.1869996990694411,-3.368691973635232,-0.168864045443324,-1.7635456359388162,0.2057942755786468,1.7295252307705833,-1.4531955810190993,-4.6870866998827205,2.4997402836937224,5.203058394135412,1.7679333680247196,7.710436384841927,27.33543785560401,14.465015679879418,-9.61839361494328,-4.02209878115563,28.45703042125193,17.83052026600774,1.113060326415931,0.7707983942696583,1.6373429047909065,-0.2412016025598046,-2.292897507214948,2.0090495148282868,-4.04553414510392,2.461743719029123,-6.13259490096323,0.4443557793614783,1.9483583957023491,-2.745899693973984,7.74824166354543,3.396103300272564,13.55395583931443,6.897749975637581,-22.540912728712176,-6.412026031984996,-10.930297308198702,-7.553026367004567,27.19156891876437,14.752412832521168
15.96,527.3333333333334,AK_Pakad_Bag.csv,-0.6108805091661685,-0.4214467807902763,0.4795066063017583,0.6957531291252613,-1.1508012967880383,-3.3765968946767617,-0.1847938004130602,-1.835369107060755,0.0151014939490493,1.4215307826299954,-1.3660383368285949,-4.556531640280397,2.602173758029445,4.964754887456826,1.6681558449383391,7.176437430747471,27.20486300739097,14.93350711182795,-9.337359500293491,-5.29123192672385,28.18489966935034,18.390025894465698,1.105558401282352,0.7418193513800455,1.6616693981790958,-0.1789372026566554,-2.281406832896668,2.0850701645621985,-4.149056165326097,2.387397178853465,-5.785989330551369,0.5037542495537777,2.1415258967215616,-2.6497207816860837,7.509461024992556,3.443968892306039,12.510222070069384,7.331233080369531,-23.933535269326764,-6.241048933515849,-10.558573014044688,-8.342247787809526,27.98332977344304,14.833315679128011
15.97,512.0,AK_Pakad_Bag.csv,-0.6237776799528217,-0.4093936284278473,0.5193495449074448,0.6995109865411931,-1.1121602846625402,-3.3841869893406145,-0.1988708659325188,-1.8963485332211023,-0.1750661359505202,1.1096601657020906,-1.2822487782490617,-4.408763713201788,2.689205299008687,4.723632616060654,1.563391184704806,6.625818473767352,27.056369407024132,15.271458289803537,-9.03867232702084,-6.499561501646657,27.8996915383142,18.898659620357968,1.0906281352227052,0.6856406309033778,1.681223856575164,-0.1136943662091175,-2.2669689175014103,2.1395014999126567,-4.235351778426141,2.315635118246043,-5.420424991214576,0.560976835397154,2.331531117817578,-2.543728726835455,7.258193836847799,3.4958959079085603,11.43928296222175,7.748708947134108,-25.20613840459849,-6.061320943822578,-10.129672355493366,-9.102464845017249,28.744549019056603,14.906533462493671
15.98,486.0,AK_Pakad_Bag.csv,-0.630205757337195,-0.4032007998513633,0.5479477897310137,0.7030101500515303,-1.0720730785686008,-3.3908438813236166,-0.2110919030023632,-1.9462103961005093,-0.3645559910699067,0.7977464183584086,-1.2023216714142049,-4.24580718945846,2.760440110433944,4.4842898478591975,1.45444147516163,6.0628517382237455,26.88993160954898,15.476664261045238,-8.724304953047326,-7.641650752937591,27.603296780829904,19.33999637520009,1.0709355945602568,0.606078193748927,1.695710717072923,-0.0448731287161305,-2.2553160767229525,2.174896606737517,-4.304533169441465,2.246899788850305,-5.039790069390175,0.6156703972700514,2.5157887510490724,-2.4288052868127794,6.998360408801561,3.550681371121524,10.34796109796512,8.151883806134895,-26.352930453617667,-5.873684851384307,-9.644920066516727,-9.829282259576988,29.462017106215477,14.971287404939943
15.99,460.0,AK_Pakad_Bag.csv,-0.628861119320905,-0.4034188195857656,0.5690676628955804,0.7064158493141012,-1.031429195033056,-3.3955333022580056,-0.2214757224302767,-1.9848294630872363,-0.5532017943394912,0.4895763903783116,-1.126732309718833,-4.06981956304298,2.815696626184069,4.2511930108509,1.342134005233374,5.491842076240493,26.70553935956237,15.548381065088616,-8.39631117271992,-8.712832599469104,27.297389720694984,19.70186912353036,1.0519007530048867,0.5147711732077664,1.70532957509592,0.0274260397023027,-2.2503025256450977,2.195418862250792,-4.356902757893859,2.1815177078134096,-4.648083191250658,0.6675106981267636,2.6917886247835305,-2.3058612722211342,6.733966030804839,3.606701088163109,9.243017704997053,8.542563689887032,-27.36947902244408,-5.67907002362904,-9.106435680480848,-10.518642200340071,30.12469340343021,15.02733645310411
15.999999999999998,430.0,AK_Pakad_Bag.csv,-0.6174617511076869,-0.4087960847099643,0.5862303478374316,0.710000638375828,-0.990895249435387,-3.397158432117118,-0.230060997493062,-2.0122318636123016,-0.740825315913175,0.1888296360088601,-1.055931076073496,-3.883059992549127,2.8550100189737995,4.028498724660167,1.227313688217077,4.917077679098167,26.503201318852163,15.487310494849384,-8.056816259583949,-9.709249910576265,26.983395485727467,19.975950751606124,1.0391945757410537,0.4270030529208272,1.7107515559908386,0.1015172345865126,-2.25254513977072,2.2047799230898004,-4.392941489457084,2.119681056842901,-4.249346424449923,0.7161960552888986,2.857109482601921,-2.1758258707383016,6.468997429858619,3.6619980345378784,8.13108857237342,8.922605542019944,-28.252745976436763,-5.478485747630015,-8.517116558791013,-11.166852372038369,30.723690309585702,15.074935239062096
16.009999999999998,400.0,AK_Pakad_Bag.csv,-0.5931758019980398,-0.417031387443868,0.6014676860799512,0.7140538415472375,-0.9508907845909612,-3.3948905701411616,-0.2369032127152266,-2.028595068859518,-0.927240405365122,-0.100999347040931,-0.9903341775288153,-3.6878532412825393,2.8786314524435217,3.8198460938266217,1.110835500618985,4.342781023694673,26.28294854549964,15.295565610693586,-7.708005665313085,-10.627883669760132,26.66246587948271,20.15737061189988,1.0359793749921111,0.3554556650734337,1.7129959930702263,0.1738906532983045,-2.2593883783390463,2.204726254367239,-4.4132895599189625,2.061432761391021,-3.847599923925908,0.7614467157776574,3.0094447879110064,-2.039638375235414,6.207306577253984,3.7143887430082314,7.018623139097407,9.293867745080146,-29.00110149211653,-5.273012475357718,-7.880606457716318,-11.77060922563448,31.252214900511586,15.114756374128886
16.020000000000003,370.0,AK_Pakad_Bag.csv,-0.5538500346351893,-0.4262371269751118,0.6150180537347332,0.7187327816431024,-0.9116636977053104,-3.3883361290193657,-0.2420709440631541,-2.034244567500327,-1.1122588729218117,-0.3766851264026483,-0.930308695904143,-3.4865503148532837,2.8870227333307943,3.628139888721406,0.9935570018021156,3.7730607781615895,26.044837680879557,14.97661809040289,-7.35211198264403,-11.466568664299825,26.335464928018546,20.244377910032792,1.041189430294599,0.30472005031131,1.7132638289833069,0.2398964783120439,-2.266204049682448,2.194796263001429,-4.418722332130809,2.006660867935082,-3.446778196108972,0.8030136755827618,3.146651992179177,-1.898240901964257,5.952484760211129,3.7615911852496935,5.911827470736023,9.658160920156345,-29.614317125117488,-5.063791168751201,-7.201250325977827,-12.327016230981592,31.705481469146804,15.147782557754187
16.03,340.0,AK_Pakad_Bag.csv,-0.4995240871398346,-0.4362771129679287,0.625992999256861,0.723923245204495,-0.8734356838842529,-3.3774955014070303,-0.2456417955515382,-2.029647171786852,-1.295696769677325,-0.635345168078893,-0.8761530981688669,-3.2814879572466893,2.880846260321178,3.4553539540236904,0.8763309895046174,3.21186537291917,25.788953796882268,14.53522876321054,-6.99140035662808,-12.22399654909132,26.002964698561808,20.238049455857123,1.0496965333744086,0.2691858151840482,1.7127764840352266,0.2951714738193706,-2.268473471616353,2.1733921309528825,-4.410125575773704,1.9551047583727743,-3.050667575382133,0.8406957248768295,3.266824100523118,-1.752570457158959,5.7077329007052455,3.8013697811303775,4.816611786526241,10.017199815595305,-30.093538208056664,-4.852010947254465,-6.484036253226854,-12.833597232086326,32.08060291090914,15.175175593081326
16.04,314.0,AK_Pakad_Bag.csv,-0.4333836125212536,-0.4491242167338271,0.6335480368309695,0.7291832049574388,-0.8365605100397521,-3.362578716416756,-0.2476984951722705,-2.0154010632303847,-1.4773792402668648,-0.8744885382811804,-0.8280775443038924,-3.0749492021711564,2.86095044274642,3.302386291592574,0.7599983376738364,2.6629389121344142,25.515412848953183,13.977362896204696,-6.628152582915105,-12.899706346758808,25.665251488648067,20.142033264474897,1.054343693546962,0.2354579539991688,1.7126435740175443,0.3372224069796666,-2.26377800902527,2.1395277542659885,-4.388473702203197,1.9063715406902653,-2.662844726732628,0.874358962379261,3.368369429969408,-1.6035492653900747,5.475737021147983,3.83168193596212,3.738543133507788,10.372557075480378,-30.441236269008,-4.63889523457383,-5.73452565489713,-13.28830498283919,32.37646538198332,15.198130898270811
16.049999999999997,300.3333333333333,AK_Pakad_Bag.csv,-0.3614196371472068,-0.4678553667682124,0.6378575755204925,0.7338135086562241,-0.8016311899524033,-3.3438100464040943,-0.2483256720661024,-1.9922228689070187,-1.6571425609021289,-1.0920330782039724,-0.7861899991063543,-2.8691264598026125,2.8283510316435807,3.1689931525527104,0.6453810565785177,2.129780057021011,25.22436367477638,13.310091992828742,-6.264650155649764,-13.494062667634855,25.32234196508793,19.962317443330647,1.0489588420142706,0.1883635912471201,1.7137585285995394,0.3664377761489479,-2.2528810022747088,2.094274283310649,-4.354812569276701,1.8599575579232013,-2.2866168621840277,0.9039510896620016,3.4500783693344306,-1.4520734153505273,5.258559812841375,3.8508032318749015,2.682803716483655,10.725619667273907,-30.66114252780329,-4.4256865997120505,-4.958772914184408,-13.6895250304527,32.59358854343073,15.21772736819499
16.060000000000002,286.6666666666667,AK_Pakad_Bag.csv,-0.2906348234387624,-0.4946429047315206,0.6403349672708205,0.7370448162775574,-0.7694897183777004,-3.321347362539741,-0.2476076542970483,-1.9609322193632484,-1.834833053615303,-1.2862962830544036,-0.750493116813246,-2.6660876843571057,2.784209023823505,3.0538208177403385,0.5332756103138553,1.615604458176714,24.915989477030674,12.541484038770092,-5.903156525993267,-14.008222158609426,24.974008333892645,19.70701314025182,1.0309911354055048,0.1178926581715577,1.7167123935780038,0.3860103150059022,-2.2394863805132053,2.041096437500407,-4.310245707330637,1.815268883683233,-1.9249656169990532,0.9295044492134358,3.5111582456201837,-1.2990011158447423,5.05755986660161,3.857410354870229,1.6541552812072873,11.077548744446178,-30.75816387020329,-4.213630503622913,-4.163235843132314,-14.03607517036778,32.73397257508178,15.234783257231394
16.07,273.0,AK_Pakad_Bag.csv,-0.2264154948550756,-0.5287259407001261,0.6429706187787211,0.7382766313354181,-0.7411289075195563,-3.2953683865226604,-0.2456272973054287,-1.9224343502340315,-2.010303789289844,-1.4559741199798044,-0.7208932138416659,-2.467745580599713,2.729805932864286,2.954541574319669,0.4244465223661255,1.123311250555482,24.59050873318267,11.680484289526198,-5.545898821941297,-14.444088909448746,24.61981118474929,19.38613967258924,1.0025730156008918,0.0239047773277328,1.721725631698526,0.400731508474299,-2.2288221821468337,1.9848630245762755,-4.255920806568727,1.77163632566847,-1.580497646246427,0.9511262762990152,3.551228221978292,-1.1451426148997244,4.8733489503629,3.850612248266619,0.6569098203117849,11.429243706188377,-30.738283005353065,-4.003958200616628,-3.3546784934996263,-14.327200738072488,32.800932674615304,15.24972885188648
16.08,273.3333333333333,AK_Pakad_Bag.csv,-0.1702625276150222,-0.5655005799761672,0.6471531054525456,0.73727725016062,-0.7175164612743141,-3.2662747783417627,-0.2424655142912501,-1.8777013530672089,-2.183410790024781,-1.6001239197558237,-0.697217864423912,-2.275829845781769,2.6665172544428386,2.8680848655501205,0.3196202945944615,0.655454052820219,24.248175484754945,10.736788820179012,-5.195049280688165,-14.804259746640737,24.25913830884242,19.011398629346207,0.9695325493325124,-0.0835892694229148,1.728615812504637,0.4151415385702222,-2.2256726557067514,1.930018574676456,-4.193013005433296,1.7283239606480667,-1.2554054010436662,0.9689798957718796,3.5702806133296403,-0.9912537380381692,4.705794778531315,3.8299359876507335,-0.3050932588761297,11.781311173167111,-30.60844476954253,-3.7978690941680417,-2.540068039288604,-14.56256603164435,32.79892172108314,15.262505846899916
16.089999999999996,273.6666666666667,AK_Pakad_Bag.csv,-0.1190932632190278,-0.5974262191460111,0.6526325194261648,0.7342662472966381,-0.69940077373295,-3.234889034583871,-0.2382009903306015,-1.8277526524081025,-2.354010455046441,-1.7181613332475096,-0.6792350155958213,-2.091862964456496,2.5957848964357937,2.7909369816502547,0.2194796583006936,0.2142168336348787,23.88927896995153,9.720713127142275,-4.852706668255932,-15.091960517649818,23.89124755797379,18.595921541419575,0.9388263912035232,-0.1887286681230521,1.736829721707977,0.4318297835068004,-2.2326722631320246,1.878857928754404,-4.122703088560436,1.6845338735790036,-0.9514408877195764,0.9832641526713868,3.5686264970486685,-0.8380340496570454,4.554072341375953,3.795287148260461,-1.2285034831963657,12.134039514521698,-30.376430744764445,-3.596512892748292,-1.7264676355601385,-14.74224217815972,32.733342031324426,15.272501429819965
16.1,274.0,AK_Pakad_Bag.csv,-0.0666996370477107,-0.6165864034074382,0.6572296815832369,0.7298485394994334,-0.6871642238017583,-3.2025081615835176,-0.2329096239229112,-1.7736352015410632,-2.521959183807131,-1.80987030499833,-0.6666659639824648,-1.9171406252428924,2.5190892301002616,2.719467264999549,0.124658168657963,-0.1986050780628499,23.514142573580585,8.643058064660359,-4.520878004338962,-15.310974607806704,23.51531170549777,18.15397295580524,0.9155887308119854,-0.2767001965853055,1.7455591611058037,0.4506253900027855,-2.2495156926296334,1.8308170808546056,-4.046151387868276,1.6394118858080915,-0.6699035944009032,0.9941985778242802,3.546846809318045,-0.6861292298637163,4.416761620312836,3.746908915491648,-2.110469252780672,12.487379439417472,-30.050724515494277,-3.40097193478681,-0.920927288541474,-14.86669177246568,32.61034758534547,15.278522226625409
16.11,287.0,AK_Pakad_Bag.csv,-0.0069244604216057,-0.6178791161840638,0.6575192364730166,0.7248297762681881,-0.6807703166316228,-3.170739316830692,-0.2266635405602652,-1.7164037822564822,-2.687115037438069,-1.875414774236525,-0.6591876344554649,-1.7527179355450393,2.437921296536873,2.650231890688981,0.0357351473538064,-0.5816186521781616,23.123122074861907,7.514975313107638,-4.20146095532786,-15.46556503973045,23.130463284298564,17.700588411515998,0.9011539584516236,-0.3400147955869068,1.753929625619306,0.4690148906061359,-2.273321698811533,1.783192037412234,-3.964470692732538,1.5920587679970308,-0.4116417172299096,1.0020186075246336,3.5057639010909107,-0.5361359996702677,4.291984144618363,3.68535800569771,-2.948641515471789,12.840931021720277,-29.640369996582265,-3.2122440427019034,-0.1303748129813015,-14.93675063169628,32.43663869493317,15.27880979707559
16.119999999999997,324.6666666666667,AK_Pakad_Bag.csv,0.0628099203797909,-0.6013865054539868,0.6502135991997822,0.7199894693468728,-0.6798138216253894,-3.141147467572796,-0.2195299316517544,-1.657101706986717,-2.849340312870768,-1.915336710738819,-0.6564251183390704,-1.5994020646966631,2.35375562144578,2.5802123199547378,-0.0467690250837614,-0.9338413925306486,22.716603177258342,6.3478344292944,-3.8962272806443727,-15.560391587439614,22.73583750384258,17.251126784028756,0.8929358394814728,-0.3812254727909559,1.761212707791545,0.4835643147017702,-2.299910425164967,1.732973560700838,-3.878702628224997,1.5415490639233511,-0.1770640900120321,1.0069801481707006,3.446435890820799,-0.3886073625304992,4.177566191774134,3.611501772194021,-3.741171377154602,13.19393737996388,-29.1548253339444,-3.0312262266442724,0.6384911087000441,-14.953607023774136,32.21925180870057,15.271095781064703
16.130000000000003,362.3333333333333,AK_Pakad_Bag.csv,0.1393236127690515,-0.57273587396781,0.6336062621859486,0.715900522223875,-0.683643490994445,-3.1148428974372977,-0.2115702938109712,-1.5967421895731295,-3.0085035428241502,-1.9305293590447408,-0.6579408121323668,-1.4577509392832273,2.26802408037235,2.506963804960939,-0.1223972647084633,-1.2547041476590974,22.294998307341626,5.153093351663694,-3.606807697914725,-15.600424400543552,22.33061157050847,16.820721576013682,0.8861618778379959,-0.4108232284300218,1.7669871143901856,0.4916738516239556,-2.325418396960754,1.678904387352436,-3.789801240165119,1.486956476974828,0.0338405337839528,1.009368289805797,3.370163146512811,-0.2440562787206171,4.071213355512242,3.5265262576310934,-4.4867019002698,13.545285104563446,-28.603814909227548,-2.858699503500928,1.3793038968747766,-14.918778740282374,31.96534795473281,15.252691604852952
16.14,400.0,AK_Pakad_Bag.csv,0.2140660415763369,-0.5411271320023161,0.6083861402428994,0.7128575764816903,-0.6915015102473405,-3.092178664588978,-0.2028407105474572,-1.5362906853388758,-3.1644798030861936,-1.9221851117078057,-0.6632290677028353,-1.3280766367229355,2.182091311923812,2.428673702440578,-0.1907597790167065,-1.5440485872528498,21.8587426751434,3.9421740546257062,-3.334678468197246,-15.590855680442608,21.914039031434235,16.42362924604705,0.87658931930136,-0.4413310457640304,1.7711777721314363,0.4928666741316436,-2.3476062897047854,1.622723089231485,-3.698625315332633,1.4273823323847303,0.2214797415932402,1.0095031073118723,3.2784889598331377,-0.1029569477628961,3.970680397861266,3.4319362634688813,-5.18435440024547,13.893511417354526,-27.997181966749988,-2.695315045501853,2.0861263955137974,-14.834088389159268,31.68200416846788,15.220605272785898
16.15,435.0,AK_Pakad_Bag.csv,0.2761378244992022,-0.5157755080994467,0.5774336458170508,0.7109254298051965,-0.7026230520831884,-3.0726920173139463,-0.193393574315693,-1.4766485821668789,-3.3171490703741524,-1.891728862779551,-0.6717235658880634,-1.2104516904419726,2.0972322582435896,2.3441510049773706,-0.2515376838719653,-1.802119518170597,21.40828959888963,2.726344879788495,-3.081149909309803,-15.537010976712375,21.48547810764529,16.07249673378936,0.8628806086692675,-0.4804268746416443,1.7739429552459822,0.4890640035083627,-2.366409261456284,1.5689338538778486,-3.605938321194399,1.3619829543296385,0.3866307867749506,1.007737042196396,3.1731782264460526,0.0342558769918903,3.87392205773748,3.329529616644751,-5.83370961541964,14.236817959742616,-27.344744319963084,-2.5415818415807827,2.7535410501011097,-14.701637276852765,31.37601305806783,15.171676413376073
16.159999999999997,457.0,AK_Pakad_Bag.csv,0.3167401147605975,-0.5022880838704532,0.5447025034851477,0.7100668738081061,-0.716263081652771,-3.0553233065091936,-0.1832806803973199,-1.4186387059427612,-3.4663932730328857,-1.8407540373270708,-0.6828192360043487,-1.1047168819872824,2.01461245995472,2.252779821540751,-0.3044862150202592,-2.0295522897569933,20.94410511297785,1.5166109091230322,-2.8473569514107435,-15.44426166969954,21.04441335213363,15.777603391534738,0.8474970697796963,-0.5264045362283055,1.7754431161474926,0.4837959048750489,-2.383625023493493,1.5231548133635824,-3.512412959431212,1.2899929411890112,0.5304109034034854,1.0044425031277342,3.056167710387573,0.1671882583191278,3.779214509967263,3.221337878867244,-6.434784194333508,14.573091021616872,-26.65615548035327,-2.3978560487659983,3.376731600215979,-14.523778231578577,31.05369631049969,15.102720418870788
16.17,479.0,AK_Pakad_Bag.csv,0.3330623461019057,-0.5005738501622007,0.5137301939243857,0.7102796668910261,-0.73165509432979,-3.038825927678303,-0.1725571340132309,-1.3629931322073614,-3.612093177807471,-1.7709762963677105,-0.6959039017919998,-1.010490089603742,1.935271691878876,2.15446733649248,-0.3494374979401738,-2.2273556043012643,20.466661898033067,0.323613561664601,-2.634251781901128,-15.317940166219993,20.590470339489027,15.546166701912028,0.8356847192086322,-0.5681992698549164,1.7755852920788189,0.4807942756373539,-2.401970647707179,1.489799794686355,-3.418636932265796,1.2107434293057904,0.6542434813245607,0.999993042023578,2.929494518784158,0.2954877367127009,3.6852425509204303,3.109539712277299,-6.988003003690149,14.89992793007694,-25.940773383331948,-2.264332222677661,3.951555055500756,-14.303087691145462,30.720738305360644,15.01067304526705
16.18,563.0,AK_Pakad_Bag.csv,0.3297563019574193,-0.5052189394512565,0.4864854348299662,0.7116762719557743,-0.7479408804194726,-3.0221963493334405,-0.1612852169548856,-1.31034373360957,-3.754126162976685,-1.6842100830865965,-0.7103901123754638,-0.927176894967899,1.8601113734472785,2.0496035495416423,-0.3863028337619448,-2.396890104622003,19.97643259333361,-0.8424596342026379,-2.442598600310727,-15.163259254596673,20.123423446546287,15.381822303602796,0.8330288586163891,-0.5900750750148365,1.7738638070122554,0.4826706215415918,-2.4239337800436864,1.4701925557626143,-3.3251175917078637,1.123676275475334,0.7598189312857012,0.9947445335269608,2.7952196068334776,0.4188425058259788,3.5911530431174,2.996364193834697,-7.494167799656316,15.214669208590498,-25.207538668757177,-2.1410366291007823,4.474602818212309,-14.042337345023196,30.38204594613611,14.892727968352135
16.189999999999998,606.0,AK_Pakad_Bag.csv,0.3171868641318449,-0.5081436484289306,0.4630745047455273,0.7144725961101988,-0.7641261464705922,-3.004944054728594,-0.1495373950232382,-1.261215737371956,-3.8923653673159446,-1.5823605991190353,-0.7257371747953205,-0.8539843571013018,1.7898859474557898,1.93903295348428,-0.4150744558353301,-2.539843157075857,19.47388257267588,-1.9719544259546589,-2.27297051165329,-14.985236945457366,19.6431971053798,15.284381751199096,0.8427165228920932,-0.578898439335235,1.7693930958949675,0.4902821282173619,-2.4508463713840287,1.462025651894909,-3.2322849617634115,1.0283557472589018,0.8490500009599615,0.9890228326681614,2.655365813963236,0.5369792843953363,3.496579402944029,2.8840042512751816,-7.954422819060237,15.514435997763366,-24.46486421948021,-2.027822835214357,4.943249930686593,-13.74446558631954,30.04164023469233,14.746461256239476
16.200000000000003,649.0,AK_Pakad_Bag.csv,0.3071317958726162,-0.5023198452640434,0.4423888162350291,0.7188958589212832,-0.779106560782636,-2.987092859399007,-0.1373979983314511,-1.2160243553788697,-4.026680034782469,-1.467414929839657,-0.741457587243779,-0.789939312702311,1.7251981554866909,1.8240257804511129,-0.4358267100796364,-2.6582002849733914,18.959462284139175,-3.055818037378805,-2.125748605183324,-14.78862797460692,19.14986119479584,15.249929454962569,0.8637642812120206,-0.5307215007316263,1.7611554631172943,0.5030008162769608,-2.4824559800452053,1.4604446531318542,-3.140494203589628,0.924478658927072,0.9240226811004532,0.9831214876331552,2.5118840265084,0.6496608448080647,3.401644094960512,2.774553736252158,-8.370217838107825,15.79617211134511,-23.720537383686903,-1.9243697496048555,5.355691594262638,-13.412548999316948,29.702583958293992,14.56993829929035
16.21,692.0,AK_Pakad_Bag.csv,0.3078187248928171,-0.4848592666161729,0.4233085379934744,0.7250561912740325,-0.7917767923861797,-2.968925980028568,-0.1249636136639386,-1.1750743438408882,-4.156936481929572,-1.3414156026173336,-0.757108972806772,-0.733911823261713,1.6664979243449831,1.7062345618270314,-0.4487166108751999,-2.754213734269608,18.4335992731116,-4.085656168174527,-2.001123265433789,-14.57786297595957,18.643621484373018,15.271253045963704,0.8910048093314943,-0.4537105332400921,1.7483923481567234,0.5196301781220988,-2.517052211616363,1.460266710354832,-3.050029194825921,0.8118825871993156,0.9869449340798496,0.9773086792501012,2.366649435100135,0.7566843495450615,3.306945981958851,2.669968727914954,-8.743269223819418,16.056690000626187,-22.981636018763844,-1.830182227068776,5.710966338763263,-13.049774083954954,29.366948166184045,14.36180027534946
16.22,680.0,AK_Pakad_Bag.csv,0.3205359772831555,-0.4581062570066184,0.4058156808298845,0.7328376733155262,-0.80119543416953,-2.9506027359002776,-0.1123426612892215,-1.13856221040088,-4.2829991997968415,-1.2064084055007058,-0.7722789570148972,-0.6846433771871064,1.614084473455903,1.5876311228484214,-0.4539837217779355,-2.8303686698479225,17.896690028009477,-5.053779059479494,-1.899097723690396,-14.356996156605836,18.12480626063489,15.338532967234976,0.9168157065438532,-0.3661081164972762,1.7309926196404912,0.5394032435085657,-2.552018195655297,1.4583034096533305,-2.9611083778650698,0.6905508458302148,1.040095720379918,0.9718387129231014,2.2214778302557554,0.857881173517084,3.21353736615776,2.572040890446514,-9.075519478724482,16.29271982762633,-22.254459204873065,-1.744594290640858,6.008965502860703,-12.65940939933137,29.03581801312984,14.12132861997716
16.229999999999997,659.5,AK_Pakad_Bag.csv,0.3393435117994995,-0.4283235820882926,0.3914406141719751,0.7418508342453227,-0.8067490248225825,-2.931832069470147,-0.0996547955343727,-1.106580745431932,-4.404732077905206,-1.064369804788997,-0.7865731633113013,-0.6407786900717873,1.5681112749401356,1.4704345453770562,-0.451949306751002,-2.889347505928148,17.349091810497775,-5.9532371000125615,-1.8194937796550013,-14.129662128206872,17.593850455058632,15.440172973139024,0.9338074848607696,-0.2901166286961005,1.7097120900148022,0.562497203347493,-2.584575779817009,1.4547110305966129,-2.873892865613304,0.5606130126550147,1.0857760863969472,0.9669618121780348,2.078144705346876,0.9531180288537768,3.1228923873186294,2.482364707189093,-9.369095760317112,16.500960804324265,-21.54447318927914,-1.6667749668267966,6.250428980135364,-12.244778291560682,28.709336248603964,13.848487160525233
16.240000000000002,639.0,AK_Pakad_Bag.csv,0.3539669902174334,-0.4026855326128458,0.3828240149031611,0.7514603167068119,-0.8082522023251765,-2.9117606977068924,-0.0870306054647495,-1.0791255979907544,-4.522000287780389,-0.9171311502154764,-0.7996142956724235,-0.600899757330203,1.5285936146554346,1.357053089196869,-0.4430146942067613,-2.9339928676466416,16.79111465626621,-6.777846576180695,-1.7619595240512598,-13.89904236880098,17.051278766314343,15.563646241943564,0.9373150000149248,-0.2443173940171222,1.6861099576157763,0.5897991447811209,-2.6124846625391047,1.4527569308408537,-2.7884957367674894,0.4223409885670272,1.1262628164039092,0.9629272412784278,1.9383904286448983,1.042298433845892,3.036864882771096,2.402284818887185,-9.626267844676049,16.678133935347333,-20.85627283799361,-1.595736694140261,6.436927454155086,-11.809232354676404,28.38678038939356,13.543942537304902
16.25,626.0,AK_Pakad_Bag.csv,0.3544753234453902,-0.3860507523625675,0.3826330965112337,0.7608736093616892,-0.8059416592748835,-2.8891340138807164,-0.0746116929054933,-1.0561036927003689,-4.634673620923516,-0.7663210901480967,-0.8110542216956421,-0.5635611586171942,1.4954186451254825,1.2500632556947051,-0.4276587950390776,-2.9672696630938664,16.2230137563712,-7.5222062430250975,-1.7259788037048307,-13.667841602881088,16.49768943330855,15.696256995694586,0.9267045835397276,-0.2377346641250758,1.6621945929892372,0.6220875543080973,-2.6345111384398807,1.4571412104288952,-2.7049911086809217,0.2761421034744253,1.163764052023951,0.959978177011008,1.8039021926704344,1.1253632991881448,2.9576304921570795,2.3328231343627843,-9.849405993666888,16.82103529506808,-20.19355858892385,-1.5303462529147285,6.570831562283992,-11.356125755276995,28.066667691592944,13.209064283414747
16.259999999999998,593.3333333333334,AK_Pakad_Bag.csv,0.3355409451351264,-0.3790259147089567,0.3923924544700168,0.769261336975319,-0.8003607233904181,-2.862661717220876,-0.0625507731612686,-1.0373433233385656,-4.742631832632361,-0.6133419427502632,-0.8205940388890286,-0.5273261184820422,1.468357906020624,1.1522307714300173,-0.4064347190219284,-2.992226717579288,15.644982449727534,-8.181705450790131,-1.710882118669092,-13.438274191799165,15.933740482463756,15.825758590394525,0.9051016752132046,-0.2677623020042605,1.6398907025998448,0.6591234151080392,-2.6505651085626094,1.4716851353860962,-2.623422062382438,0.1225516596700512,1.200375985021466,0.9583406128541884,1.6762741864431057,1.2022897878045815,2.887605362943327,2.274601638142473,-10.040939169986768,16.926588969125522,-19.55912862194797,-1.469338167786623,6.655268588603397,-10.888790532385755,27.74688065341761,12.84590650347181
16.270000000000003,560.6666666666666,AK_Pakad_Bag.csv,0.2983511712428981,-0.3781524203440964,0.4118163713025539,0.7758796583513541,-0.7921727931058602,-2.831425940866043,-0.0510111919477416,-1.0226057104637143,-4.84577186681664,-0.4593827311825837,-0.8280027063305146,-0.4908030233832534,1.447082243637149,1.0665404742256943,-0.3799654425484645,-3.01195838710542,15.057146071829353,-8.752524638164711,-1.715858638229515,-13.212060421910278,15.36014045806847,15.940809232917733,0.8778531008656546,-0.3223861653166001,1.6205205096493909,0.6991990631193287,-2.661491318904581,1.4974712703837372,-2.5438074107537973,-0.0377731572133893,1.2380404638945,0.958211172882049,1.5569567113151226,1.2730884392209865,2.8293333392606668,2.227787473441603,-10.203314019032954,16.991898793258486,-18.95488569138723,-1.411330538087148,6.694067408588678,-10.41051296476846,27.42480507031709,12.45717353768818
16.28,528.0,AK_Pakad_Bag.csv,0.2494365053866359,-0.3779999297547499,0.4389557055960252,0.7801751567729364,-0.7819684117158417,-2.795151188793505,-0.0401652993355071,-1.0115976652803154,-4.944016042053893,-0.3054573510706233,-0.8331251007033476,-0.4526817178101702,1.4311788581696845,0.9961537855093516,-0.3489384944286826,-3.029566528878379,14.459556912009385,-9.231629108103297,-1.7399690605685112,-12.990432370852355,14.777645871972732,16.031275729117894,0.8505255978348611,-0.3853276229828686,1.604494739405716,0.7394463711091649,-2.668585077436135,1.5322715418873645,-2.466147995629816,-0.2040577596355247,1.2785048036470985,0.9597489926443992,1.4472091096417383,1.3377994009791945,2.785336611356899,2.192085667388997,-10.338955001867754,17.014298033479232,-18.38185781378467,-1.3548432410971014,6.691692518854192,-9.924511080329337,27.0974726642338,12.046172386215275
16.29,483.0,AK_Pakad_Bag.csv,0.1972037237454299,-0.3740498254875631,0.4710471938489646,0.7818626449065832,-0.7701318529087482,-2.7542212786226163,-0.0301914379691186,-1.0039848018241715,-5.037319761299985,-0.1524476377539614,-0.8358751376165595,-0.4117680818072657,1.4201698798082167,0.9441824406000676,-0.3140996439297479,-3.048123165831334,13.852190532094816,-9.616757115938135,-1.7821590953394348,-12.774148833736366,14.187067912639726,16.08841157151619,0.8273046034416122,-0.4417174609275538,1.5913287130182148,0.7767920118774527,-2.672979834407782,1.5714599077879856,-2.390433175753424,-0.3754148256372298,1.3232865255253574,0.9630748471129786,1.3480692915354997,1.396489040326012,2.7579329737482388,2.166791548735913,-10.450226025794652,16.991396178313867,-17.840231778726256,-1.298318421627724,6.653168106093782,-9.433913367432227,26.761700954858775,11.616755054493398
16.299999999999997,470.3333333333333,AK_Pakad_Bag.csv,0.1480454270796618,-0.3649277134638453,0.5055993960563825,0.7809697265448763,-0.7568089195154377,-2.709447703154214,-0.0212697285942561,-0.9994045614557876,-5.125677335023747,-0.0011319541295664,-0.8362164906833797,-0.3670146112938962,1.413531519376821,0.913213570592437,-0.2762455945095158,-3.0706341415034184,13.234943694822388,-9.906403382022658,-1.8412733916434183,-12.56351861224933,13.589291381987922,16.104940719867905,0.8103162316303464,-0.48206028069807,1.5799660941155205,0.809088455021589,-2.6751088314553138,1.609894408330994,-2.316647391159754,-0.550852125779156,1.3736463981909433,0.968277504152796,1.2603459424416186,1.4492480074290994,2.749035763082332,2.1508958614295195,-10.539393887139424,16.921122061447544,-17.32939826146881,-1.240143131883345,6.583993246647385,-8.941738736686059,26.414224187571303,11.17325439138516
16.310000000000002,457.6666666666667,AK_Pakad_Bag.csv,0.1040084559679416,-0.3529306763221304,0.541149227921968,0.7778389678324965,-0.741978742227073,-2.661709939122658,-0.013577164134679,-0.9974782384570654,-5.209125077840783,0.1478103193924752,-0.8341390314364489,-0.3175445563721042,1.41071259006814,0.9046935169250409,-0.2362157061624363,-3.100004022200624,12.607634142195147,-10.099799151811029,-1.9160697477623183,-12.35843131895785,12.98530944802405,16.075076698125297,0.7998681846408999,-0.5033599952778852,1.569264748415794,0.8358378427444842,-2.674447633158994,1.643816448848516,-2.2447756229479783,-0.7292859887321227,1.4305725564224934,0.975424311551426,1.184631440301836,1.4961911061055777,2.759966211737322,2.143220022047808,-10.608593821467124,16.801762601744212,-16.848007168876958,-1.178673929101874,6.490049471621739,-8.450877774058258,26.051810588839505,10.720417413856325
16.32,445.0,AK_Pakad_Bag.csv,0.0631054403032285,-0.3426746808406711,0.5773228722859238,0.7730757893178597,-0.7255946322506318,-2.611645857184391,-0.0072826045826477,-0.9978212736357052,-5.2877416783051645,0.2938142629188172,-0.8296406853294593,-0.2626679467842453,1.411151169991886,0.9184905759540016,-0.1948827882708125,-3.139002465503768,11.970002452014866,-10.19688984507644,-2.0052334227091624,-12.158394729115145,12.376278700839151,15.994501742197157,0.7951794887415915,-0.5077068061594092,1.5584335030384138,0.8581241329872246,-2.669673580179444,1.671859085211375,-2.174805907070585,-0.9095607942205612,1.494776756606313,0.9845714855873432,1.1213273779023727,1.5374584795682291,2.791314945308525,2.1425533074024856,-10.659797450614176,16.63199653205069,-16.394031745992145,-1.1122631878463565,6.377502062884014,-7.964075322199457,25.671362784606213,10.26334047466001
16.33,452.3333333333333,AK_Pakad_Bag.csv,0.0219270002267869,-0.3386105299233892,0.6142244803042038,0.7674358165849152,-0.7077368960089218,-2.5595415892573063,-0.0025420794518521,-1.000051311818386,-5.361646545920561,0.4364497023216701,-0.8227212736363617,-0.2018893914071466,1.4142884128448798,0.9529522354836362,-0.1531430236200247,-3.190232238063932,11.32171618324266,-10.198311174489817,-2.107391338806877,-11.962577620568007,11.76360029295303,15.860325103689288,0.7950484785440188,-0.4996540873089102,1.5472369775026005,0.8777754138278072,-2.659233360781379,1.6947464275728077,-2.1067273283493573,-1.0904722092539687,1.5667016327842254,0.995769919359204,1.0706722659729595,1.5732170712774551,2.842882987626823,2.147768327074203,-10.694783418164498,16.410922580925128,-15.964839907286244,-1.039286846988016,6.252696545816439,-7.483914426696398,25.269999714757496,9.807410789321592
16.339999999999996,459.6666666666667,AK_Pakad_Bag.csv,-0.0209962450570767,-0.3426710974197985,0.6515469293296482,0.7616626998852691,-0.688721036036831,-2.505468315641905,0.0005055308864368,-1.0037938425614084,-5.430997081302153,0.5754280040823266,-0.8133887524759175,-0.1349092618340271,1.419578955990075,1.0054447570429226,-0.1119051036466765,-3.256099031768882,10.662376494712468,-10.105364410640856,-2.221125942140759,-11.769856974099351,11.149034764135656,15.671034538710346,0.7981141380950516,-0.4839037594924179,1.5358974058883017,0.8961807987433261,-2.642133603575913,1.713948804848484,-2.040523139842082,-1.270790081290399,1.6465360136516398,1.0090641980066353,1.0327624791877774,1.6036613329486178,2.913712916398745,2.1579014261340568,-10.71511100632537,16.13808166678089,-15.55727123008594,-0.9581732879237372,6.12205191020963,-7.012801687586044,24.84511967948684,9.358258553299413
16.35,467.0,AK_Pakad_Bag.csv,-0.062996383781846,-0.353187227451495,0.6879536182855118,0.7563111377797647,-0.669125455882889,-2.4495873434683846,0.0017426596345086,-1.0086855711828804,-5.495985510664137,0.7105830112899736,-0.8016721976728086,-0.0616209606173234,1.4264978793842171,1.0730347949823804,-0.0720786757788085,-3.33878319690303,9.991527384530755,-9.919991273595173,-2.3449884924070097,-11.578868358061824,10.534860608819278,15.426450996617824,0.8027382701736908,-0.4642123849824457,1.5247672986808498,0.9133727387685052,-2.618637041487429,1.730087506020597,-1.9761602990100968,-1.449277072877296,1.7342346435568292,1.024484976395326,1.007561337417867,1.6290126745718445,3.002196422665269,2.172195113113628,-10.722097019546087,15.813472760806556,-15.167718053235705,-0.867433022686209,5.991952128623632,-6.552954063237553,24.394445191391057,8.921722777326437
16.36,481.0,AK_Pakad_Bag.csv,-0.0974892092490282,-0.3655391194973865,0.7211354901972257,0.7516079178572129,-0.6497336368893165,-2.3924561017984605,0.0010773816378194,-1.0143759082592476,-5.556835272032813,0.8418254886520944,-0.787632908336917,0.0178931358905026,1.4345445713761358,1.1529769798012464,-0.0345622259119318,-3.4402134854520985,9.30866764852312,-9.644748775255325,-2.477511590580263,-11.388058292415629,9.924089719647208,15.127693620995402,0.806835150407067,-0.4434780776209435,1.5139571058096857,0.9278553819478804,-2.590533522184598,1.741994243246402,-1.9135779766227063,-1.6247013645601436,1.829539220682176,1.04203694855074,0.9948954782343504,1.649517866344623,3.1062274476659604,2.190106665472303,-10.716796200688709,15.437562176494216,-14.792209158055256,-0.765688848385344,5.868637565762637,-6.106387182108618,23.916051064836655,8.503831531059545
16.369999999999997,483.6666666666667,AK_Pakad_Bag.csv,-0.1165414261488075,-0.3741523983856979,0.7485772903891134,0.747403526846607,-0.6314141827162397,-2.3351608911495423,-0.0015519402351733,-1.0205270602191427,-5.613796309565463,0.9690820748287214,-0.771366462444486,0.1033657980900548,1.443244043742272,1.2429041698189185,-0.0002305417016116,-3.562042878840876,8.613265597003924,-9.282784229402989,-2.6172208121242417,-11.19573738199156,9.320756072786256,14.777160192526583,0.8080201630225827,-0.4242528918465064,1.5031238700704346,0.9372772311661892,-2.5607932733795606,1.746971346828684,-1.852677818282598,-1.7958450167207898,1.9319991570348127,1.061685662099481,0.994440977308684,1.6654471029782385,3.2233670540632646,2.2112899753937456,-10.69998541744035,15.011286153689843,-14.426494568471725,-0.6517060917800146,5.758097892723189,-5.674905225627245,23.408377676710977,8.110792901566272
16.380000000000003,486.3333333333333,AK_Pakad_Bag.csv,-0.1144322261888661,-0.3748340710809594,0.7686649965547705,0.743242720540022,-0.6149784229179154,-2.279182964444912,-0.006171873417851,-1.026813142578911,-5.667138374529028,1.0922357213722569,-0.7529935259014768,0.1943498179947999,1.4521461880840525,1.3408019886790608,0.0300780762317101,-3.705626563242353,7.904776503444526,-8.837810566514671,-2.762645376276678,-11.000133032251547,8.730295784581745,14.378526760829596,0.8042183342177098,-0.4088322702596069,1.491546830946609,0.9396088417719468,-2.532660922015856,1.7421533671155909,-1.793317784939226,-1.9615121535447344,2.04099213931313,1.0833462704878956,1.005703558396292,1.6770924586140854,3.35099500432648,2.2355576270566666,-10.67215182745199,14.536046724559942,-14.066130091131082,-0.5244225262820968,5.6659681345778585,-5.260092450217095,22.87023162863463,7.748986157747004
16.39,489.0,AK_Pakad_Bag.csv,-0.0903099806427157,-0.3663577474879338,0.7815454315962066,0.7385406522439373,-0.6010560060949003,-2.226035553084839,-0.0127695201470759,-1.0329185632369364,-5.717141695400779,1.2110824675839336,-0.7326430259241306,0.290225964779726,1.4608232532389744,1.4448936491509603,0.0555746697497212,-3.872002112363535,7.182662690173973,-8.314082003473626,-2.9123278302363764,-10.799440616637586,8.160032611631076,13.9367690152178,0.7945155272254206,-0.3985901405311965,1.4784695918514572,0.9342214466868944,-2.50850978713373,1.726267751095566,-1.7353097498502257,-2.120541526743315,2.1557456790402765,1.1068762746047809,1.0279979871619462,1.6847670125031375,3.486435963454505,2.262828945216743,-10.633485207637005,14.01370097290708,-13.706560322729974,-0.3829775019876437,5.597429474883325,-4.86330641687774,22.30077618603728,7.424933521437449
16.4,484.0,AK_Pakad_Bag.csv,-0.0485270991262946,-0.3506539235461298,0.7892316257444267,0.7328084564400787,-0.5900171292873286,-2.1768277216336025,-0.0212891932847184,-1.0385357136138942,-5.764085039624212,1.3253108322063982,-0.7104349627660562,0.3902168283298113,1.468865578143131,1.5535236758401207,0.0755323460165499,-4.061871941535894,6.446416087745344,-7.71636999644032,-3.064832752335777,-10.591872052170864,7.619763065940655,13.458206392061044,0.7797787364550604,-0.3929752854348121,1.4635453611381466,0.9223101194870928,-2.4889222785763674,1.700840341181124,-1.678419546053662,-2.271825806647575,2.275360973559294,1.1320728864552745,1.0604318115245794,1.6888043003630842,3.6270583436610977,2.293068819740333,-10.583874618800213,13.44654391742161,-13.343198978644669,-0.2267397985790969,5.5571163981979295,-4.485672992969419,21.699513917443763,7.145223285470877
16.409999999999997,482.0,AK_Pakad_Bag.csv,0.0035056452127632,-0.3316780331955219,0.7948010233354819,0.7258483836500744,-0.5819525904512807,-2.1319575786615137,-0.0316307492531511,-1.0433618460731466,-5.808231917663494,1.434499829980497,-0.6864698897228237,0.4934083783225824,1.4758754649294243,1.6650773253843385,0.089298659678139,-4.275588106549143,5.695583036677525,-7.049939244607674,-3.218754484405324,-10.37570085388198,7.122379801384757,12.950567245985251,0.7625939009414147,-0.3890504900810381,1.4471532590626928,0.9064436506006736,-2.472409048297006,1.6701254017714475,-1.62236762378093,-2.414336088001836,2.3988396457946712,1.158674313662443,1.101898125645425,1.6895573377545683,3.770348405486805,2.3262221824241847,-10.522909567419982,12.83728535384398,-12.971505541073656,-0.0553336988022917,5.549031660326588,-4.128083184706003,21.066263955011596,6.916349106673437
16.42,480.0,AK_Pakad_Bag.csv,0.0587454679733232,-0.313638079549602,0.8009855725988138,0.7178467106045255,-0.5767066360846083,-2.0910866193760467,-0.0436498433156498,-1.0470949734987305,-5.849816120794311,1.53812487588911,-0.6608282765205633,0.5987790246281124,1.481459103679239,1.7779365751377696,0.0963074425424656,-4.513139534227,4.929791031873031,-6.320523337289239,-3.3727239031051632,-10.14930287044351,6.684350618932818,12.423068483260796,0.7463871183409498,-0.3823052377714432,1.4303980650832089,0.8894789980206348,-2.455930681336435,1.639652359265997,-1.5668291680135098,-2.547146518920496,2.525112788558894,1.1863633147637471,1.151080743097341,1.6873965404978384,3.913962649991743,2.3621498421206955,-10.449885813155218,12.189021075401367,-12.587057382073333,0.1313372133011324,5.576470439969415,-3.7911918527262434,20.401136287573987,6.744435313325218
16.43,488.0,AK_Pakad_Bag.csv,0.1133070515904193,-0.2994708942556204,0.8087767545798326,0.7093316468970404,-0.573946756897844,-2.0534197580029643,-0.0571599778801771,-1.0494287282753392,-5.889027740772545,1.6355606705995918,-0.6335777748334334,0.7052337876913803,1.48521667595353,1.8904587272079236,0.0960898692351319,-4.774141787638184,4.14877703973954,-5.534299487297143,-3.525414246304668,-9.91119204451851,6.325663127049426,11.886494191580304,0.7340479019942138,-0.3687495074186344,1.4147478947669716,0.8734140101620268,-2.4360417493281235,1.6139744607985542,-1.5114340470815677,-2.6694526158194365,2.6530708306581245,1.2147709566139009,1.2064728024082016,1.682706417284249,4.055760715238461,2.40057201240724,-10.363815943988062,11.505198957738765,-12.185616681593284,0.3330690076568266,5.641954864673468,-3.4754183586059613,19.704505522563583,6.634841552456959
16.439999999999998,542.3333333333334,AK_Pakad_Bag.csv,0.167029592320059,-0.2901973525451865,0.816698598273052,0.7010175180658768,-0.5732498124895833,-2.018170798069422,-0.0719359209563641,-1.0500463429624205,-5.926000353225454,1.7260760098402823,-0.6047826562132607,0.811639880767903,1.4867311194231947,2.000964704600122,0.0882845510711777,-5.057829485756095,3.3524169459156155,-4.697861706929128,-3.67554603007632,-9.660050686011528,6.068618677112921,11.35324281837364,0.7267064519829128,-0.3474099794822532,1.4014401598989876,0.8587903412438328,-2.410194036302185,1.5946354551046371,-1.4557684430006177,-2.7805786503824206,2.7815924872454847,1.243478674419678,1.2664066232879003,1.6758816245078765,4.193821187854757,2.441025228998492,-10.263444795350363,10.789580453034286,-11.763191626496626,0.5493395771382972,5.747179945312728,-3.1809491869546687,18.97698665914545,6.591683322551446
16.450000000000003,596.6666666666666,AK_Pakad_Bag.csv,0.2214657454856182,-0.2852453441523679,0.8211159228914839,0.6936018545159139,-0.5741835815793517,-1.9849999964991425,-0.0877179929490033,-1.048614201394967,-5.960799438821672,1.8088236795774768,-0.5745093380851838,0.9168601557852812,1.48555643885428,2.1077325799574025,0.0726464571997148,-5.363051514248455,2.540755620008522,-3.818191774418613,-3.821891121061978,-9.394753892557276,5.934900013718109,10.837289369081663,0.7233221597801046,-0.3218484237168163,1.3909117728951392,0.8449736554162274,-2.377651616865866,1.5793205029251671,-1.39938057021009,-2.8799738368460908,2.9095714767089143,1.272017495504421,1.3290895381578982,1.667323417500843,4.3264444361713,2.4828360573861508,-10.147269726319148,10.046198098949704,-11.316091536698009,0.779294469322126,5.892971816618227,-2.907742583282956,18.21941565498032,6.617354730706963
16.46,651.0,AK_Pakad_Bag.csv,0.2764187874253836,-0.2833212718678374,0.8174778087121664,0.6875980891955853,-0.5763653616858456,-1.9542153901851544,-0.104216853808452,-1.0447756693716477,-5.993411716568367,1.882834542435776,-0.542824992734433,1.019782343803064,1.481206788817713,2.208999980909675,0.0490544720590228,-5.688269179814939,1.7140370177169375,-2.9026273951601924,-3.963276057252814,-9.114387899850191,5.941105579045494,10.353978447440552,0.7213775412318401,-0.2995748968139385,1.3825208654760504,0.8311726645199358,-2.339634866359654,1.562640666769786,-1.341792112281051,-2.9672018994511977,3.0359404285620486,1.2998645454880002,1.3926388308751023,1.6574373866584011,4.4521486352618505,2.5251117679364072,-10.0135656921356,9.279309717658249,-10.84097571240392,1.0217368248929846,6.079259067901093,-2.65553523837591,17.432838010601536,6.712168379611485
16.47,773.0,AK_Pakad_Bag.csv,0.3270817593609048,-0.2832070655229753,0.8019718563976874,0.6832660694489618,-0.5794841828624372,-1.9266330637449125,-0.1211186603366997,-1.0381460607393485,-6.023735103518984,1.9470254547755896,-0.5097908994414297,1.1193440520663176,1.473147724004287,2.3029819776962297,0.0175174118124866,-6.03155747380084,0.8727336859078721,-1.9588270498041285,-4.098584726551913,-8.818262295661707,6.094395499637164,9.919533763582734,0.7184041463688685,-0.2891970517659954,1.3747123280424478,0.817651366220231,-2.298654761404299,1.5382578482023077,-1.2825152053150335,-3.041931540412014,3.1596919704712745,1.3264384386837456,1.4551099254697115,1.6466326237230875,4.569665862694811,2.56674557062585,-9.8604149771624,8.493350055278546,-10.334895926740058,1.2751218577076202,6.305057838325583,-2.42385103227662,16.618509334470914,6.874208603417781
16.479999999999997,816.5,AK_Pakad_Bag.csv,0.3636668510736474,-0.2840408055155312,0.7728863811307088,0.6806553242819211,-0.5832812389983095,-1.903146693034584,-0.1380906539103468,-1.0283095664635282,-6.051569485803767,2.000225738983679,-0.4754557536815096,1.2145550294640874,1.4607909356434978,2.3879081012882737,-0.0218216597195661,-6.3906096201394496,0.0175749974059549,-0.9947311052137214,-4.226760511966924,-8.505916184189129,6.390671043199268,9.55016253943634,0.7135868661893033,-0.2963730205434124,1.365586465051141,0.8064541917479833,-2.2573642497281106,1.5014415245356465,-1.2210728626959604,-3.1039347444570864,3.279897013951055,1.3510963944890042,1.514515639477377,1.635321460876271,4.67794337887767,2.606433457778129,-9.685741382519645,7.692880680310698,-9.795332597747832,1.5375562848406197,6.568471212767099,-2.2120118243286684,15.777913042955094,7.09942883005195
16.490000000000002,860.0,AK_Pakad_Bag.csv,0.3741840114576883,-0.2850622113033976,0.7311276519188251,0.6797243773629225,-0.5874945135858168,-1.884191110606651,-0.1547872731973793,-1.0148187590007718,-6.076609141536216,2.041219485851555,-0.4398545362130567,1.3045185193242677,1.4434934454938175,2.462075865952808,-0.0686829527304896,-6.762745086356516,-0.8504265783891174,-0.018518826631343,-4.346807998840793,-8.177118536933754,6.816352676928153,9.260688435143024,0.7085704278068868,-0.3204644678777016,1.3536465869794156,0.8011802524069114,-2.2174663098940406,1.4509531567990244,-1.157019681692376,-3.153095809572708,3.395719755890178,1.3731363685318452,1.5688393521340265,1.6239181922040369,4.77615121082984,2.6427014009078595,-9.487348598673393,6.882539004706424,-9.220224762392352,1.806803058980029,6.866703259203338,-2.019150242351023,14.912802260242318,7.38194545123977
16.5,876.0,AK_Pakad_Bag.csv,0.3493383468754781,-0.2851952271571898,0.6797398532818377,0.680467532353109,-0.5917864081214483,-1.8693349141439244,-0.1708567569564668,-0.997196928437099,-6.098438140843156,2.068795123077248,-0.403015499102948,1.3884524830182057,1.4205616704551938,2.523912647336437,-0.1226494209522824,-7.144921232939852,-1.729951866201887,0.9614390208051564,-4.4577943232507184,-7.831863105319356,7.352392519768654,9.062801714679388,0.7069263397162124,-0.3537149651755329,1.3384136191278215,0.8058108086249927,-2.179175554936678,1.3894703397166674,-1.0899600898578683,-3.1894282823420834,3.506428232286262,1.3918067533222191,1.616049105806854,1.6128351718364886,4.863692497872445,2.673944285598581,-9.26296242998854,6.066987300271017,-8.607994044648837,2.080291667882747,7.196087788340122,-1.8442243886763725,14.025276088324924,7.714431701476717
16.509999999999998,857.6666666666666,AK_Pakad_Bag.csv,0.2872460958641749,-0.2829559156072697,0.62272901669074,0.6829827261188894,-0.5956830754396409,-1.857179580585858,-0.1859480031068828,-0.9749431069853768,-6.116530078256105,2.081792518602807,-0.3649730246838811,1.4657097120085645,1.391260142308417,2.5720362281923146,-0.1831682584917196,-7.533748764817906,-2.619354722659652,1.9366322260894615,-4.558850231491382,-7.47035839127923,7.978216606825966,8.963253555849754,0.7123934217606297,-0.3837417681917706,1.3206471796185473,0.8230829911865918,-2.14145233237247,1.3224370072475862,-1.0195631087933348,-3.2130923134556437,3.61139891617357,1.4063243211260237,1.654120818946769,1.6024755040032574,4.940209841630182,2.698479483115296,-9.010276468070618,5.250862553685839,-7.957562862790634,2.3551341548986446,7.552131609412342,-1.686034348687231,13.117905560874874,8.088514113136501
16.520000000000003,839.3333333333334,AK_Pakad_Bag.csv,0.1955198267142132,-0.2769444726395988,0.563780222580936,0.6874477677696538,-0.5985557333176285,-1.8456048880310865,-0.1997173212471591,-0.9475393134333412,-6.130253000880868,2.0791417299707424,-0.3257802804369061,1.5357943553345146,1.3548241618046215,2.605307549274104,-0.2495544695293597,-7.925511128516995,-3.51664578368591,2.898467970137496,-4.64917092196639,-7.0930132699692425,8.674260870496385,8.962518847039071,0.7266633316735198,-0.3985694061452099,1.302081741863589,0.8531658730777014,-2.102851104134064,1.2559347889146042,-0.9455747580784838,-3.224403649618558,3.710114225127615,1.4158986204897197,1.6810760279496502,1.593222892858775,5.0055806938139495,2.7146168609181203,-8.727000728527528,4.438727945132584,-7.268367160069453,2.6281468971064936,7.92957174263531,-1.5432403619198725,12.193933272746618,8.495107706735062
16.53,821.0,AK_Pakad_Bag.csv,0.0893902291913655,-0.2667475604038432,0.5054481281774393,0.6940198964834267,-0.5996640277709213,-1.832248554181385,-0.211834757443119,-0.9144593997367,-6.1388795654983,2.0598938918685,-0.2855149999102845,1.5983720464146032,1.310475467910253,2.622875303877508,-0.320996520447171,-8.316187969700168,-4.419480850031696,3.838332394095849,-4.728016747751409,-6.70041893220944,9.42304791971907,9.054421671299282,0.7478015534608304,-0.3921051528806732,1.2847963659098125,0.893293189854287,-2.0625332330701056,1.19457812656452,-0.8678306432402927,-3.2238282968023606,3.802152912304993,1.4197589572832534,1.6950338382931027,1.5854304978856837,5.05989779354878,2.720743478053513,-8.41091267293826,3.6350266658627386,-6.540363968685204,2.895878069772231,8.322445772778833,-1.414382496538661,11.257585518049698,8.924667572652046
16.54,971.0,AK_Pakad_Bag.csv,-0.0135944119862437,-0.2537130083818703,0.4491121728647381,0.7027113262486264,-0.5982607296978687,-1.8150138078445888,-0.2219898814347821,-0.875178951047837,-6.1416016314087525,2.023249841913392,-0.2442749087618304,1.65327189311072,1.2574402173359231,2.6242176179583643,-0.3965640469977577,-8.701482728314492,-5.325154493209508,4.747656612581538,-4.7947138598462,-6.293327864992433,10.209325888180674,9.226890046222543,0.7701829847295854,-0.3675515784937658,1.2704903544845547,0.938580353499055,-2.020929774129042,1.140356487239251,-0.7862711427786012,-3.2119626003886053,3.8871747696662458,1.4171793526568188,1.6942705713507291,1.5794112203809385,5.1034354846702366,2.7154170747064126,-8.059909942787046,2.844038726423056,-5.774034127841755,3.1546406363537427,8.724174318454853,-1.2979016513148012,10.314561293274322,9.36736482580919
16.549999999999997,986.0,AK_Pakad_Bag.csv,-0.1000421778582237,-0.2410052921779288,0.3955747454534004,0.7133033701709103,-0.5937323349606035,-1.7924049262042454,-0.2298971981116354,-0.8291859405427919,-6.13754800700792,1.968592948260442,-0.2021647355072167,1.7004806191377442,1.1949691919406331,2.6091882094411143,-0.4752175523416981,-9.07685440253573,-6.230599402280092,5.617986642205277,-4.848654858045166,-5.87263061933804,11.019777061201326,9.46356266083913,0.7861480641920289,-0.3370389796392146,1.2599649451518682,0.9837033657111462,-1.9797299647787416,1.0928339308694497,-0.700959880418312,-3.189504435405655,3.9649022511177128,1.4074979621992068,1.67727689781278,1.5754313975537204,5.136607164106158,2.697460360029309,-7.672064047477531,2.069841358382215,-4.970380470144277,3.400550629069797,9.127654448022604,-1.1921616898227083,9.372805984093477,9.813208944991173
16.560000000000002,1001.0,AK_Pakad_Bag.csv,-0.1654479839993149,-0.2326739553670301,0.345855281803257,0.7253405059750843,-0.5857315591357714,-1.7635904335028203,-0.2353015154420972,-0.7759921605115759,-6.125804083244686,1.895528762077795,-0.1592815294125098,1.740131113731939,1.1223611136885463,2.5780721841046508,-0.5558199962498378,-9.437553458107509,-7.132391911206819,6.44105650679941,-4.889299486320785,-5.439331127647535,11.842608053883934,9.74570579829471,0.7887584264650032,-0.3174251053095465,1.2530029996723806,1.0247087281649112,-1.9412159469179848,1.0504319975245962,-0.6121036291875228,-3.157224571658116,4.035101977649482,1.3901300592896817,1.6428029755541886,1.5737085463311256,5.159921105867518,2.666049847063264,-7.245674185699479,1.3162735742653853,-4.130921764605136,3.629570413155775,9.525362767574698,-1.0954724851614752,8.443748288106983,10.252140127978157
16.57,1016.0,AK_Pakad_Bag.csv,-0.2150086066205141,-0.2320116608271768,0.3016577562942459,0.7382057331106967,-0.5742544503328154,-1.728233576213253,-0.2379835459374541,-0.7151456951249304,-6.105432534459797,1.803927863063931,-0.1157064828548889,1.7724885522317555,1.0389912890146886,2.531651514941516,-0.6371501424461287,-9.778661796720888,-8.026764045457318,7.20886363922518,-4.916175370459653,-4.9945213267867885,12.667167318706817,10.053941442329226,0.7744542278491132,-0.3239816495426108,1.2486496109343783,1.060155070815985,-1.9072881738299283,1.0120072572552818,-0.5200697023270328,-3.115946471321203,4.09756842178729,1.3645767686633974,1.5898870998804682,1.574412150712472,5.1739406527951175,2.62079842190376,-6.77932034379866,0.5869054082931506,-3.257682659641376,3.837556542597001,9.909466797777332,-1.006113619428465,7.544278533634229,10.674110597566424
16.58,989.0,AK_Pakad_Bag.csv,-0.260175478996214,-0.2399425996117875,0.265195129909587,0.7512409613331203,-0.5596305558813539,-1.6862379456937096,-0.2377657275721479,-0.6462447440449813,-6.075494883546564,1.6939633190438428,-0.0715086126618439,1.7979366053653727,0.9443500831891952,2.4712752264496185,-0.7179175006388208,-10.095136626501583,-8.90962230707579,7.913745627868103,-4.928878761787679,-4.539355815772601,13.483640409778056,10.369521056114005,0.7443888913616095,-0.3647093064322527,1.2457191128854632,1.0910940303959311,-1.8786675889844933,0.9778403430399686,-0.4253963454947174,-3.066538186559692,4.152110659393608,1.330433882526433,1.5178703301232646,1.577665268328015,5.179251048968285,2.5618376907468936,-6.2719148038411845,-0.1149877033337628,-2.353179809908516,4.020311706757174,10.271943111040546,-0.9223584441387608,6.699820348063167,11.069167384921784
16.589999999999996,962.0,AK_Pakad_Bag.csv,-0.3126174814302883,-0.2542853406598909,0.2384297199476317,0.7638597140885567,-0.5424248594324423,-1.637578622772915,-0.2345178444076349,-0.5689529017292471,-6.035074195397973,1.5661335661018747,-0.0267597620441307,1.81696436401494,0.8381010846657246,2.3989268291958905,-0.796778672570907,-10.381858001010611,-9.77657328458178,8.548457326568576,-4.927075235514209,-4.075027225731067,14.282829446402072,10.675113110924435,0.7037822906459841,-0.4377755207102722,1.2432723101326864,1.1199345434229615,-1.8546548811329853,0.9495157898946752,-0.3287930375773735,-3.0099138593836714,4.198541550932928,1.2874052041488817,1.4264050800480956,1.5835445126281271,5.176430957462829,2.4899110095606414,-5.722751199169861,-0.7864450409998591,-1.4204043042385222,4.173640138694231,10.60470051173181,-0.842498172751228,5.948607019934388,11.427543398383296
16.6,935.0,AK_Pakad_Bag.csv,-0.3784787425380485,-0.2703797508169289,0.2221352394223583,0.775610832640149,-0.5232836150307797,-1.5823173834409598,-0.2281617082666576,-0.4830155996349732,-5.983299259349016,1.4212658141196086,0.0184455975033641,1.8301524344161264,0.7201846319525465,2.3172817454188874,-0.8723548873720702,-10.633679712792826,-10.622956034460554,9.10624731838002,-4.910500300188224,-3.602742905043408,15.056006847563053,10.955204692815766,0.6595408856662287,-0.5331375193716192,1.24085613720519,1.1487465761917126,-1.8335364376714105,0.9287982290230008,-0.2311303806808287,-2.9470375293610505,4.236667760923939,1.235322712583633,1.3154669096787532,1.5920768693013536,5.166024116164036,2.406487929005494,-5.131550266671645,-1.4248349868239127,-0.4628004475752684,4.293405722573774,10.899706335397328,-0.7648656518715681,5.345759733969643,11.739759382625472
16.61,931.0,AK_Pakad_Bag.csv,-0.4556155199707257,-0.2829085540994868,0.2153215743734293,0.7861827885526859,-0.5027788378031113,-1.5207756611944865,-0.2186741119209507,-0.3882769692160979,-5.919370319184547,1.260502051755101,0.0639752116002908,1.8381553578112249,0.5910468482884362,2.229747377984384,-0.9432504903746972,-10.845483146317482,-11.443881041007556,9.58093266415946,-4.87895989864908,-3.123703428773513,15.794829516186011,11.196251315449958,0.6172155551927382,-0.637464614257666,1.2384445221671203,1.1778070782796752,-1.813406025108849,0.9161746564036828,-0.1334221770417479,-2.8789207765128344,4.266279067288082,1.1741722535851826,1.1853749130103388,1.603233441349433,5.1485069092645,2.3139039809258986,-4.49850145718096,-2.027863591725997,0.5157591039902177,4.375591921651182,11.149113766104584,-0.6878584484419069,4.961325786546967,11.996736709599604
16.619999999999997,923.0,AK_Pakad_Bag.csv,-0.5349801869808769,-0.2881147216382595,0.2154117829474846,0.7953703514641629,-0.4813078487477512,-1.4537309012997015,-0.2060875456233501,-0.2846960563114115,-5.842585866599062,1.0852755204504507,0.1096561830948414,1.8416778342921292,0.4523005255575072,2.1404730035912327,-1.0080721312139134,-11.01223361602356,-12.234275425144448,9.966970772622846,-4.832330804462038,-2.639083336718081,16.491300549498906,11.386689081739863,0.5787042160036866,-0.7399406270605443,1.2361831815934352,1.205061434917499,-1.7929854399664231,0.9099402365045874,-0.0368040291639193,-2.806608642072697,4.2871364086174495,1.104120006181994,1.036818870595097,1.6169218644785024,5.124250695703048,2.2155158934889307,-3.824299580263272,-2.5935773848722428,1.5110018938265015,4.416362569180692,11.34538797312384,-0.6099608967073626,4.861587976584384,12.189919560795936
16.630000000000003,915.0,AK_Pakad_Bag.csv,-0.6052510447536645,-0.2853581473934622,0.2191924451067332,0.8030407666270852,-0.4590832718775992,-1.3824722376810907,-0.1904886868907203,-0.1723612453150123,-5.7523694821539095,0.897286860631571,0.1552862647099396,1.8414441478184749,0.3093585906459276,2.0543013614863166,-1.0654483816836586,-11.12903864045351,-12.988933942260925,10.259527127259329,-4.770560924405578,-2.150014398129856,17.13776783222242,11.516888048453067,0.5417806206272682,-0.836154450452648,1.234135029961593,1.226736419941405,-1.7720645569994995,0.9064422805719096,0.0574874036779655,-2.731153781671832,4.29895957869025,1.0255332647002235,0.8708842250252767,1.632980067718374,5.093482034908402,2.1158406631809688,-3.110175685567514,-3.1203606103753523,2.518287960181767,4.4121225304459415,11.48142887703962,-0.5297647670171155,5.074605145651614,12.311404671708289
16.64,907.0,AK_Pakad_Bag.csv,-0.6582267058106505,-0.2772318453758243,0.2241546714967356,0.809127587541923,-0.4362133718389522,-1.308620270364632,-0.1720152097713407,-0.0515019678074203,-5.648295403248166,0.6984851718450058,0.2006542233109843,1.838162867500475,0.186799726361554,1.976609819887944,-1.114049502179646,-11.191207534683295,-13.702575184147552,10.454537544336768,-4.693669499044293,-1.6575716008525507,17.726951205858136,11.579094621090142,0.5016833411929369,-0.9282629170843112,1.232198599494808,1.2388069636302257,-1.751408851612382,0.9014894573635676,0.1481323381702482,-2.6535842143835016,4.301416703959121,0.9389899994879064,0.6890625513641162,1.6511738743915916,5.05624742605973,2.0206149020295934,-2.357921431050603,-3.606927172012337,3.5326459402757933,4.359577248553557,11.550688464854872,-0.4459882423110076,5.572190273003577,12.354077193805972
16.65,900.0,AK_Pakad_Bag.csv,-0.692206995327022,-0.2681545346932982,0.2296068495930406,0.8136535788321118,-0.4128372251530303,-1.2337497131342858,-0.1508517747419916,0.0775028089091085,-5.530111507522276,0.4910521588642916,0.245559637006673,1.8324911064734983,0.1864661597191623,1.912970311676738,-1.1526070686940106,-11.194311641319397,-14.369902280550688,10.548763657017243,-4.601747155456984,-1.1627619715950686,18.251991883911145,11.567389808290889,0.4540253908971596,-1.0214682897316067,1.2302457374554494,1.23863891609012,-1.7322684998939186,0.8922868170684378,0.2337435839054723,-2.5748727774705253,4.294118051626448,0.8452749167328847,0.4932374679821999,1.6711997461484498,5.01239022069111,1.9366676215101857,-1.5699062667100765,-4.052307639213845,4.54881303870227,4.255790212562238,11.547280746765225,-0.3574929119129281,6.291065327124989,12.31175227821058
16.659999999999997,897.5,AK_Pakad_Bag.csv,-0.7117075543583085,-0.2621279867642657,0.2369962780111862,0.8167567944713539,-0.3892586981823616,-1.1589815527335423,-0.1272260105668583,0.2141193602235642,-5.397758659057706,0.2773814374921728,0.2898227157143399,1.825003317695755,0.3284519121726273,1.868575601363181,-1.1799331712771912,-11.13424446591897,-14.985667283106482,10.539840437979048,-4.49495572617345,-0.6665162511994214,18.706519345818865,11.477678656916249,0.3976484888161563,-1.1186919928694616,1.228369592966701,1.2260726740917307,-1.7158100814391353,0.8789068486536474,0.3128828181219295,-2.495915301016087,4.276616123972747,0.7453639336497995,0.2856431116182502,1.6926923078230862,4.961545557540092,1.8714610949106865,-0.74908687190686,-4.455831730860722,5.561278896434398,4.098237414825072,11.466082633984607,-0.2632985136780384,7.165430239653098,12.179323749081496
16.67,895.0,AK_Pakad_Bag.csv,-0.7238134574869173,-0.2607921461730678,0.2492098177256589,0.8186837732143459,-0.3660258872748016,-1.0847604384805027,-0.1014049122983692,0.3576569802774703,-5.251385718264722,0.0600436789509911,0.3332797603039741,1.8161684615477505,0.5158681879323802,1.847470844893355,-1.1949389001893718,-11.007280936836876,-15.544738311768672,10.426314765643726,-4.373527726897525,-0.1696833702851869,19.084732164193635,11.307721999429114,0.3360543431117063,-1.21624894834699,1.2270401020516764,1.2034901240754623,-1.7027834768022527,0.8644485923128826,0.3840807806508934,-2.417520304630961,4.248412679908619,0.6404022534466086,0.0688012304845707,1.7152348755912623,4.903155388948703,1.8321788487973163,0.1009915820987321,-4.817106762401288,6.564333365619684,3.884857883673411,11.30282417780424,-0.1625951763767951,8.142799849868279,11.952924008880697
16.68,895.0,AK_Pakad_Bag.csv,-0.7332516148277683,-0.2627818330442706,0.2690842977777506,0.8197287095712962,-0.3439267571689867,-1.0109680871301554,-0.0736915450430833,0.5072684217539932,-5.091359811759797,-0.1582671752398535,0.3757672412584168,1.806336922283153,0.7211608331214412,1.8517836253635944,-1.196651847324784,-10.810134973960814,-16.042168456215304,10.20767425962843,-4.237765395769622,0.3269724065562837,19.38149020525888,11.05722299200448,0.2767002771484465,-1.3028766654977677,1.2269912542234285,1.174876159315538,-1.6935494354827307,0.8536257039472311,0.4458635379620893,-2.3404078906267767,4.208971894302483,0.5316820995773484,-0.1545504452979444,1.738370621564256,4.836501607155774,1.8244188425552037,0.9762026271510884,-5.135992623763592,7.552118149549683,3.614099389808136,11.054166734239404,-0.054752939113551,9.18509011090084,11.630103803153183
16.689999999999998,896.6666666666666,AK_Pakad_Bag.csv,-0.7389308961036611,-0.2647313091010469,0.2977330747458683,0.8201304907990782,-0.323906175668438,-0.9373678508788682,-0.0444215242945488,0.6619528440377782,-4.918271623572108,-0.3748029796983007,0.4171034762032344,1.7957359084785571,0.9371960346053848,1.8812549100137532,-1.184232366753492,-10.54001452796236,-16.47326535705571,9.88436580899373,-4.088039237082895,0.8227718755175566,19.59241649394214,10.727987034345084,0.2284406408198893,-1.362859325698677,1.2288067277515309,1.1443219329544592,-1.6883455694616198,0.8502894752775458,0.4967846145764398,-2.2652119955323253,4.157737956374953,0.4206242899883372,-0.3815246635790645,1.7616124299159406,4.760752593011358,1.8508820101458807,1.871854287757299,-5.412573945999247,8.518682202986778,3.2849584445756275,10.717767728186708,0.0606716413700254,10.264879038302832,11.210048086695066
16.700000000000003,898.3333333333334,AK_Pakad_Bag.csv,-0.7339126438580472,-0.2634127707690656,0.3334103219286079,0.8199719811829821,-0.3069392656481209,-0.8642025910722809,-0.0139586487271794,0.8205614133938381,-4.732935533204159,-0.5868342397311381,0.4570784284929507,1.784470421302948,1.160533028472725,1.933295062637757,-1.1569883577486446,-10.19467324412532,-16.833660347443136,9.457803363990465,-3.924786066192802,1.3171191042088433,19.714007844868327,10.324184852663304,0.1982585728863733,-1.3819843598198107,1.232356978227278,1.1146249633976288,-1.6875113589578412,0.8549648479764854,0.5354604796497076,-2.192479862659052,4.094155382868168,0.3087641291221358,-0.6091367360249466,1.784450672663769,4.675018093280554,1.9106666516631972,2.782713463674818,-5.647130199365433,9.458040703060632,2.8970137556212747,10.292330828662278,0.1839319386244172,11.361694752555794,10.693857748489876
16.71,900.0,AK_Pakad_Bag.csv,-0.7089382335392921,-0.257876414041214,0.3714327849039046,0.8191375882455909,-0.2939086456186474,-0.7926659646069147,0.0173106603546988,0.98180593841393,-4.5363844813422425,-0.7917124363482825,0.4954583581417588,1.7725268641834486,1.388591178270851,2.0035316445649345,-1.1143883549390712,-9.772457914516194,-17.11937601607322,8.930364665837327,-3.748506596655803,1.809497790475812,19.74375420927633,9.85276595803152,0.1887573213418848,-1.3536425688176528,1.2363699331032385,1.0865446297811594,-1.6914231371983046,0.863567189392551,0.560605689673393,-2.122665431372285,4.017691099634019,0.1977383564228036,-0.8343414369936167,1.8063594984257805,4.5784090080414925,1.999540129289333,3.7030387734060186,-5.8401045277353845,10.36423729587884,2.45045239553041,9.777640553545403,0.3150908455631808,12.459403347572854,10.084951857993875
16.72,900.0,AK_Pakad_Bag.csv,-0.657710807257889,-0.2504166996131291,0.4052475901748187,0.8173656401904322,-0.2855245944405368,-0.7249948105780014,0.0489839440115958,1.1442709521415777,-4.329859574517356,-0.9869116984810712,0.5320047463475494,1.759777822646447,1.6189846974573034,2.0865861438755373,-1.0560727324374783,-9.27235091006454,-17.326891056529096,8.305376687646874,-3.559762626959095,2.299466135187217,19.680267648088545,9.324094400577232,0.1975167453313946,-1.282221305998116,1.238409882103188,1.0589398559222971,-1.700093496840231,0.8680090688262906,0.5710643829192045,-2.056117670392824,3.927858448068715,0.0892679118580355,-1.0540620790194193,1.8268031934795956,4.470101384980578,2.110977388372856,4.626621599505957,-5.992072152418568,11.231409202957767,1.946088074744185,9.174580616307514,0.4540235262764356,13.544560117962105,9.38969252117446
16.729999999999997,899.5,AK_Pakad_Bag.csv,-0.5811198990950961,-0.2457654091549818,0.4282640908808903,0.8143878955179765,-0.2823030448620632,-0.6640846210387059,0.0806496532912413,1.3064294177467335,-4.114794665327786,-1.1700492098327744,0.5664997082492707,1.7459885732638134,1.849329611963248,2.176789647817312,-0.9818628521031236,-8.694006829451002,-17.45320129350669,7.587089699920407,-3.359173868388362,2.7866506017628194,19.52342297863119,8.75290813210139,0.2185470739455245,-1.1821252566174425,1.2353822633207632,1.029620441955979,-1.7126458453878113,0.8585943412033222,0.5658364394927701,-1.993068429319054,3.824244055285484,-0.0148679899466248,-1.26522334179553,1.8452443719943528,4.349406308289965,2.2373953504300785,5.546834947887273,-6.1037091718319685,12.053854641188446,1.3853710794681122,8.485135692738762,0.6004232862794124,14.605411849869538,8.618427285457743
16.740000000000002,899.0,AK_Pakad_Bag.csv,-0.4880566484517399,-0.2488279796900034,0.435761659179587,0.8101007809339077,-0.2845888312429298,-0.6127444925928339,0.1118935799325658,1.4666618129932036,-3.892796409034052,-1.338893863825014,0.5987666223308703,1.7308273430071672,2.077188946777627,2.268682775953272,-0.8917680114358014,-8.03778266285777,-17.495875821911422,6.780640084842598,-3.147414420094651,3.270738916292867,19.2745135113004,8.1597200044209,0.2451067911017642,-1.0727306945690256,1.2244411845497143,0.9964691445050536,-1.727024710629906,0.8272993108365388,0.5440985238075886,-1.933625398963368,3.706538466042215,-0.1128678923791202,-1.4647978604066687,1.861155164446668,4.2158484065934365,2.371132741777348,6.45668960061064,-6.175762551159961,12.826101877586296,0.7703896168720671,7.712376678549014,0.7538104539787795,15.631307464865696,7.787328450382627
16.75,896.0,AK_Pakad_Bag.csv,-0.3921822257033251,-0.2620691744285696,0.4261700603308794,0.804687313965846,-0.2925936976824861,-0.5728821356796203,0.142304070547246,1.6232779086057303,-3.665620506871303,-1.4913780849896834,0.6286767254984367,1.713881417968383,2.300067995870797,2.357293476092497,-0.7859900750731803,-7.304760843437985,-17.453107259583174,5.892002297199936,-2.9252088651915087,3.751472622741402,18.93642691725272,7.572719776565258,0.2725505152364215,-0.9714090679372576,1.2039664569226938,0.9583476345648004,-1.7402397699594088,0.7706261071683317,0.5052214166163518,-1.877773905623255,3.574570451128839,-0.2029516603563968,-1.649870124231558,1.8740314977972048,4.069255144437478,2.505045879422034,7.3488969081568944,-6.209022051644391,13.5429791117142,0.1038624814202438,6.860429874767691,0.9135441083533602,16.612360573526313,6.921766271664982
16.759999999999998,890.3333333333334,AK_Pakad_Bag.csv,-0.3061138462067836,-0.2839011452431501,0.401289836067228,0.7986216202815768,-0.3064177671573458,-0.5449576159281943,0.1714758304089984,1.7745402799621202,-3.43514493030813,-1.6256252707309513,0.656138998208294,1.6946798060230623,2.5154304543816224,2.4382607634851583,-0.6649257060347468,-6.496764645853971,-17.323755198902706,4.927930662159571,-2.6933279544021405,4.228639455929794,18.513848094053067,7.029929425624606,0.2999112382377646,-0.8875958347712871,1.1742058916831066,0.9154756449532966,-1.7491792526912335,0.6908763983076837,0.4487849924736069,-1.8253876601710368,3.428343311841075,-0.2834059723315101,-1.817712999565246,1.883409444601079,3.9098575349006848,2.632799010550216,8.215937440641397,-6.20429480262321,14.199684258661312,-0.6108768959493497,5.9344308355012485,1.07883643473005,17.53926837334056,6.062551276175221
16.770000000000003,884.6666666666666,AK_Pakad_Bag.csv,-0.2358959448759745,-0.3089829681924126,0.3654492224048677,0.792537272940594,-0.3260384654191037,-0.5279381651845411,0.1990127198025297,1.9186885914763043,-3.2033408744421026,-1.7399958058760558,0.6810785752172707,1.672720965947994,2.720723779578855,2.5078773614370067,-0.5291661482237243,-5.616365488137659,-17.107382047199163,3.8958919504676337,-2.452583870502868,4.702065738163694,18.01349767861872,6.580468367645438,0.3295656360406043,-0.8203618181813553,1.1372926640195615,0.8692565555134633,-1.7516989331105757,0.5953623198668441,0.3745910996530555,-1.7762452030339528,3.268069936924153,-0.3526254422211324,-1.965865917482607,1.8888818550142696,3.738401613773974,2.7489722025192487,9.050134606885512,-6.1623831723807,14.791853596489249,-1.3699048301267804,4.940463828810716,1.2487694403499077,18.403228944561864,5.276764842452574
16.78,879.0,AK_Pakad_Bag.csv,-0.1785853247706681,-0.3304097528423563,0.3239934081565941,0.7870049819571173,-0.3512736706778925,-0.5197708142448605,0.22453034856095,2.0539639553479603,-2.9722420763746733,-1.8331426392221588,0.7034142909568907,1.6475022133350636,2.9134086114313207,2.563097177908145,-0.3794945486737299,-4.66688179978686,-16.80428056990222,2.8039898308663957,-2.2038251191644465,5.171608947892905,17.44441593512515,6.282097041385807,0.3652607381885214,-0.7603405264205574,1.0966037276082865,0.821765391566088,-1.7474811052579224,0.493941019206281,0.2826732271133706,-1.7300473484208434,3.094202517941293,-0.4091449349557579,-2.09220208779239,1.8901132760784225,3.5562701251646955,2.8490765785374554,9.843732262121724,-6.084066538856503,15.31562814649168,-2.168739898621952,3.885488014080236,1.4223137130067527,19.195921338117053,4.67155500381222
16.79,874.0,AK_Pakad_Bag.csv,-0.1242852108989247,-0.3428119105039456,0.2817089298517461,0.7823135055594845,-0.38174438701858,-0.5181637027841539,0.2476592859912862,2.1786330596228187,-2.743913045864784,-1.904059083908508,0.7230462093320617,1.618546754060512,3.0909899933355787,2.6015246320040464,-0.2168808444144248,-3.652369234926449,-16.415492590888494,1.6608823544141385,-1.947931147819904,5.637150551515059,16.818300607684066,6.191157589037591,0.4095465778964415,-0.6949443119780551,1.0557086261350497,0.7752082315504291,-1.73819890655813,0.3959353268726018,0.1733010991698559,-1.6864320237970216,2.907453117789863,-0.4516620797986147,-2.194975368191399,1.8868514825909608,3.36561582388834,2.929526244745161,10.58897526080858,-5.970087486820093,15.767716575824355,-3.0023831815198605,2.777251565044565,1.5983488601977407,19.909526053872508,4.391144509477139
16.799999999999997,878.6666666666666,AK_Pakad_Bag.csv,-0.0617479276420285,-0.3448876578461273,0.241732934367752,0.7783546917227452,-0.4168673551987449,-0.5213366012339002,0.2680493126686859,2.29101209736176,-2.520416750283222,-1.9521013235764852,0.73985905621715,1.5854252251794037,3.251049568145342,2.6213859206936245,-0.0424742726238787,-2.5776021335048807,-15.94281845662399,0.4756936048079332,-1.6858068293742243,6.098589131019528,16.14990084066631,6.345157087149968,0.4619033102823582,-0.6144501821474656,1.0173356062870869,0.731586192753201,-1.726820450140792,0.3076876580668194,0.0469787435754661,-1.6449857362925486,2.7088027031379505,-0.4790523322936019,-2.2728437444011558,1.8789346122728483,3.169510555193236,2.987591856451668,11.278191867385784,-5.8211428560068725,16.145453355019935,-3.865365685006607,1.6241951025859451,1.775685225819675,20.536771410977217,4.553253741148745
16.810000000000002,883.3333333333334,AK_Pakad_Bag.csv,0.0151565060008362,-0.3401183538430265,0.2052329456169038,0.7746727306548855,-0.4558972969808532,-0.5284279687467222,0.285374530339782,2.38949065399264,-2.303782366132938,-1.9769766034952925,0.7537398662499813,1.547770716934384,3.3912784895379797,2.621479442784532,0.1424064071429987,-1.4480462637947225,-15.38881702874092,-0.7420793907228331,-1.4183769472370795,6.555833779576207,15.457451507637078,6.748439192288955,0.5184720309300521,-0.5163347801955549,0.9827676401478318,0.692621320585182,-1.7163068727389663,0.2316231725451528,-0.0955640183657826,-1.6052538081135732,2.4994983430901896,-0.4903806606007815,-2.32487271497574,1.8662936859035344,2.9721144387758605,3.0213504356782788,11.903876909807604,-5.637879935481018,16.446850873683665,-4.751802266926064,0.4353459626918976,1.9530864502539256,21.070996163255767,5.155938088588855
16.82,888.0,AK_Pakad_Bag.csv,0.1033086057788028,-0.3352693924225985,0.1718019217132998,0.7706656193298212,-0.4980170427493895,-0.5394164387456246,0.2993386073467633,2.47255557240239,-2.095973787696604,-1.9787013956828168,0.7646016202746864,1.5052885319050644,3.50951075209701,2.6011090740852656,0.3362848632259968,-0.2698230127265296,-14.75679612832387,-1.982663398167896,-1.146580784850777,7.008797675788818,14.763093305278067,7.37352334415281,0.573495316818005,-0.4062079563799672,0.9518793506284629,0.659836318714995,-1.7082836408427025,0.1669663430175738,-0.2533850485137107,-1.5667529006266694,2.281040327489765,-0.4849133821582074,-2.350525574421505,1.8489510103382143,2.7788601278342515,3.0296421080445066,12.458774545117272,-5.420897953280072,16.670644222102585,-5.655451239442413,-0.7797949967708323,2.129292420649518,21.50622181057985,6.09311867366253
16.83,909.0,AK_Pakad_Bag.csv,0.1906548085821089,-0.3373440446769216,0.1402484835837035,0.7658562573239658,-0.5424515220981735,-0.5546465106342551,0.3096792300144931,2.538814488926987,-1.898859589914588,-1.957545533499704,0.7724022943870186,1.4577633618820232,3.6037562686554656,2.560012468591618,0.5375411748484,0.9503346770983864,-14.050793510713492,-3.236108208650282,-0.8713668749353439,7.457391689631087,14.09315027926196,8.175840469420079,0.6217418874363841,-0.2953138658202565,0.9237317972594546,0.6346140637591496,-1.7023151829430034,0.111517781261667,-0.4253457179191969,-1.528988512055538,2.055162265706912,-0.4621313428633824,-2.349647610531823,1.8270154875253437,2.596616411435384,3.012041643701509,12.93595950400248,-5.170754862498129,16.816327388664735,-6.569778698283623,-2.0113721821276287,2.303042152122739,21.83723015814954,7.246489726337315
